Site;Network;Type;Status;Sex;30 d;90 d;180 d
czechav.com;CzechAV;Network;Active;Straight;$39,90;$79,90;$129,90
http://czechamateurs.com/;CzechAV;Site;Active;Straight;$29,90;$64,90;$99,90
http://czechbangbus.com/;CzechAV;Site;Active;Straight;$29,90;$64,90;$99,90
http://czechbitch.com/;CzechAV;Site;Active;Straight;$29,90;$64,90;$99,90
http://czechcabins.com/;CzechAV;Site;Active;Straight;$29,90;$64,90;$99,90
http://czechcouples.com/;CzechAV;Site;Active;Straight;$29,90;$64,90;$99,90
http://czechestrogenolit.com/;CzechAV;Site;Active;Straight;$29,90;$64,90;$99,90
http://czechexperiment.com/;CzechAV;Site;Active;Straight;$29,90;$64,90;$99,90
http://czechfantasy.com/;CzechAV;Site;Active;Straight;$29,90;$64,90;$99,90
http://czechfirstvideo.com/;CzechAV;Site;Active;Straight;$29,90;$64,90;$99,90
http://czechgangbang.com/;CzechAV;Site;Active;Straight;$29,90;$64,90;$99,90
http://czechgardenparty.com/;CzechAV;Site;Active;Straight;$29,90;$64,90;$99,90
http://czechharem.com/;CzechAV;Site;Active;Straight;$29,90;$64,90;$99,90
http://czechhomeorgy.com/;CzechAV;Site;Active;Straight;$29,90;$64,90;$99,90
http://czechmassage.com/;CzechAV;Site;Active;Straight;$29,90;$64,90;$99,90
http://czechmegaswingers.com/;CzechAV;Site;Active;Straight;$29,90;$64,90;$99,90
http://czechorgasm.com/;CzechAV;Site;Active;Straight;$29,90;$64,90;$99,90
http://czechparties.com/;CzechAV;Site;Active;Straight;$29,90;$64,90;$99,90
http://czechpawnshop.com/;CzechAV;Site;Active;Straight;$29,90;$64,90;$99,90
http://czechpool.com/;CzechAV;Site;Active;Straight;$29,90;$64,90;$99,90
http://czechsauna.com/;CzechAV;Site;Active;Straight;$29,90;$64,90;$99,90
http://czechsnooper.com/;CzechAV;Site;Active;Straight;$29,90;$64,90;$99,90
http://czechsolarium.com/;CzechAV;Site;Active;Straight;$29,90;$64,90;$99,90
http://czechspy.com/;CzechAV;Site;Active;Straight;$29,90;$64,90;$99,90
http://czechstreets.com/;CzechAV;Site;Active;Straight;$29,90;$64,90;$99,90
http://czechsupermodels.com/;CzechAV;Site;Active;Straight;$29,90;$64,90;$99,90
http://czechtantra.com/;CzechAV;Site;Active;Straight;$29,90;$64,90;$99,90
http://czechtaxi.com/;CzechAV;Site;Active;Straight;$29,90;$64,90;$99,90
http://czechlesbians.com/;CzechAV;Site;Active;Straight;$29,90;$64,90;$99,90
http://czechwifeswap.com/;CzechAV;Site;Active;Straight;$29,90;$64,90;$99,90
http://czechstudents.com/;CzechAV;Site;Waiting;Straight;$29,90;$64,90;$99,90
http://czechjacker.com/;CzechAV;Site;Waiting;Straight;$29,90;$64,90;$99,90
http://czechdellais.com/;CzechAV;Site;Waiting;Straight;$29,90;$64,90;$99,90
;;;;;;;
czechgav.com;CzechGAV;Network;Active;Gay;$29,90;$64,90;$99,90
http://czechgayamateurs.com/;CzechGAV;Site;Active;Gay;$19,90;$44,90;$79,90
http://czechgaycasting.com/;CzechGAV;Site;Active;Gay;$19,90;$44,90;$79,90
http://czechgaycouples.com/;CzechGAV;Site;Active;Gay;$19,90;$44,90;$79,90
http://czechgayfantasy.com/;CzechGAV;Site;Active;Gay;$19,90;$44,90;$79,90
http://czechgaymassage.com/;CzechGAV;Site;Active;Gay;$19,90;$44,90;$79,90
http://czechgaysolarium.com/;CzechGAV;Site;Active;Gay;$19,90;$44,90;$79,90
https://gayhorrorporn.com;CzechGAV;Site;Active;Gay;$19,90;$44,90;$79,90
https://gayxvirtual.com;CzechGAV;Site;Active;Gay;$19,90;$44,90;$79,90
;;;;;;;
http://goperv.com/;GoPerv;Network;Waiting;Straight;$59,90;$129,90;$179,90
https://perversefamily.com;GoPerv;Site;Active;Straight;$34,90;$74,90;$129,90
https://perversefamilylive.com;GoPerv;Site;Active;Straight;$34,90;$74,90;$129,90
https://extremestreets.com;GoPerv;Site;Active;Straight;$34,90;$74,90;$129,90
https://dirtysarah.com;GoPerv;Site;Active;Straight;$34,90;$74,90;$129,90
https://powerfetish.com;GoPerv;Site;Active;Straight;$34,90;$74,90;$129,90
https://xvirtual.com;GoPerv;Site;Active;Straight;$34,90;$74,90;$129,90
https://horrorporn.com;GoPerv;Site;Active;Straight;$34,90;$74,90;$129,90
https://r51.com;GoPerv;Site;Active;Straight;$34,90;$74,90;$129,90
http://clubbdsm.com/;GoPerv;Site;Waiting;Straight;$34,90;$74,90;$129,90
http://selfiefetish.com/;GoPerv;Site;Waiting;Straight;$34,90;$74,90;$129,90
;;;;;;;
http://xxlgang.com/;XXL;Network;Waiting;Straight;$59,90;$129,90;$179,90
https://redneckjohn.com;XXL;Site;Active;Straight;$34,90;$74,90;$129,90
https://mikebigdick.com;XXL;Site;Active;Straight;$34,90;$74,90;$129,90
https://monstercockgang.com;XXL;Site;Active;Straight;$34,90;$74,90;$129,90
https://annalovesshemale.com;XXL;Site;Active;Straight;$34,90;$74,90;$129,90
https://unusualpeople.com;XXL;Site;Active;Straight;$34,90;$74,90;$129,90
http://xxlpiss.com/;XXL;Site;Waiting;Straight;$34,90;$74,90;$129,90
http://xxldeepthroat.com/;XXL;Site;Waiting;Straight;$34,90;$74,90;$129,90
http://xxlanal.com/;XXL;Site;Waiting;Straight;$34,90;$74,90;$129,90
http://xxlbukkake.com/;XXL;Site;Waiting;Straight;$34,90;$74,90;$129,90
http://xxlfootfetish.com/;XXL;Site;Waiting;Straight;$34,90;$74,90;$129,90
;;;;;;;
https://nudz.com;NUDZ;Network;Waiting;Straight;$39,90;$79,90;$129,90
https://glaminogirls.com;NUDZ;Site;Active;Straight;$29,90;$64,90;$99,90
http://lifepornstories.com/;NUDZ;Site;Active;Straight;$29,90;$64,90;$99,90
https://unrealporn.com;NUDZ;Site;Active;Straight;$29,90;$64,90;$99,90
https://creativeporn.com;NUDZ;Site;Active;Straight;$29,90;$64,90;$99,90
https://spy26.com;NUDZ;Site;Active;Straight;$29,90;$64,90;$99,90
https://movieporn.com;NUDZ;Site;Active;Straight;$29,90;$64,90;$99,90
https://loveasmr.com;NUDZ;Site;Active;Straight;$29,90;$64,90;$99,90
https://ghost-porn.com;NUDZ;Site;Active;Straight;$29,90;$64,90;$99,90
https://fuckmesensei.com;NUDZ;Site;Active;Straight;$29,90;$64,90;$99,90
https://therapyasmr.com;NUDZ;Site;Active;Straight;$29,90;$64,90;$99,90
;;;;;;;
https://czechcasting.com;-;Site;Active;Straight;$29,90;$64,90;$99,90